{"count":1,"self":88.5692864,"total":3640.8246595,"children":{"InitializeActuators":{"count":63,"self":0.001027,"total":0.001027,"children":null},"InitializeSensors":{"count":63,"self":0.0009972,"total":0.0009972,"children":null},"AgentSendState":{"count":158951,"self":15.384310399999999,"total":52.7925658,"children":{"CollectObservations":{"count":2002833,"self":11.267093599999999,"total":11.267093599999999,"children":null},"CollectDiscreteActionMasks":{"count":2002833,"self":2.6986779999999997,"total":2.6986779999999997,"children":null},"RequestDecision":{"count":2002833,"self":8.433216,"total":23.4424846,"children":{"AgentInfo.ToProto":{"count":2002833,"self":6.9492768,"total":15.0092684,"children":{"GenerateSensorData":{"count":2002833,"self":8.0599911999999989,"total":8.0599914999999989,"children":null}}}}}}},"DecideAction":{"count":158951,"self":3233.5446016,"total":3233.5445001,"children":null},"AgentAct":{"count":158951,"self":265.0067712,"total":265.9152854,"children":{"AgentInfo.ToProto":{"count":117369,"self":0.42255159999999997,"total":0.90851339999999992,"children":{"GenerateSensorData":{"count":117369,"self":0.4859618,"total":0.4859618,"children":null}}}}}},"gauges":{"SelfOrganizing.CumulativeReward":{"count":117369,"max":1,"min":0,"runningAverage":0.844321251,"value":0,"weightedAverage":2.802597E-45}},"metadata":{"timer_format_version":"0.1.0","start_time_seconds":"1607429440","unity_version":"2020.1.10f1","command_line_arguments":"C:\\Program Files\\Unity\\Hub\\Editor\\2020.1.10f1\\Editor\\Unity.exe -projectpath D:\/GitRepo\/RC4_M2_C3 -useHub -hubIPC -cloudEnvironment production -hubSessionId fa006ea0-393e-11eb-b87e-1342c4d56a06 -accessToken j8ODCpL4y912qeKyynWo3G6d_5ljvCkj4GZojehv1IU012f","communication_protocol_version":"1.2.0","com.unity.ml-agents_version":"1.6.0-preview","scene_name":"CombinatorialAgents","end_time_seconds":"1607433080"}}