{"count":1,"self":317.4877696,"total":4221.5058775,"children":{"InitializeActuators":{"count":4,"self":0.0019944,"total":0.0019944,"children":null},"InitializeSensors":{"count":4,"self":0.00099739999999999985,"total":0.00099739999999999985,"children":null},"AgentSendState":{"count":432367,"self":17.615820799999998,"total":54.1517507,"children":{"CollectObservations":{"count":1729468,"self":12.2123824,"total":12.2123821,"children":null},"CollectDiscreteActionMasks":{"count":1729468,"self":2.487291,"total":2.487291,"children":null},"RequestDecision":{"count":1729468,"self":8.2990736,"total":21.8362576,"children":{"AgentInfo.ToProto":{"count":1729468,"self":6.1271504,"total":13.5371837,"children":{"GenerateSensorData":{"count":1729468,"self":7.4100328,"total":7.4100331,"children":null}}}}}}},"DecideAction":{"count":432367,"self":3781.1748863999997,"total":3781.1750445999996,"children":null},"AgentAct":{"count":432367,"self":68.6536064,"total":68.6873918,"children":{"AgentInfo.ToProto":{"count":2504,"self":0.0106442,"total":0.0337853,"children":{"GenerateSensorData":{"count":2504,"self":0.023141099999999998,"total":0.023141099999999998,"children":null}}}}}},"gauges":{"Combiner.CumulativeReward":{"count":2504,"max":1.11100125,"min":0.9958,"runningAverage":1.022722,"value":1.02319992,"weightedAverage":1.0216291}},"metadata":{"timer_format_version":"0.1.0","start_time_seconds":"1607472579","unity_version":"2020.1.10f1","command_line_arguments":"C:\\Program Files\\Unity\\Hub\\Editor\\2020.1.10f1\\Editor\\Unity.exe -projectpath D:\/GitRepo\/RC4_M2_C3 -useHub -hubIPC -cloudEnvironment production -hubSessionId fa006ea0-393e-11eb-b87e-1342c4d56a06 -accessToken j8ODCpL4y912qeKyynWo3G6d_5ljvCkj4GZojehv1IU012f","communication_protocol_version":"1.2.0","com.unity.ml-agents_version":"1.6.0-preview","scene_name":"CombinationAgent","end_time_seconds":"1607476800"}}